Article ID,Website,Headline,URL,Caption,Caption Main Entities,Article Main Entities,Match Rate
00FOX,"Ryan goes on offense over Medicare, accuses Obama of treating program like 'piggy bank'",http://www.foxnews.com/politics/2012/08/14/ryan-defends-gop-record-on-medicare-says-party-has-plan-to-save-program/,Exclusive: Republican vice presidential candidate sits down with Brit Hume for first solo interview since VP announcement,,"['Romney campaign', 'Obama campaign', 'Paul Ryan']",
00NYT,Battle Over Medicare Savings Intensifies Between Obama and Paul Ryan,http://www.nytimes.com/2012/08/15/health/policy/battle-over-medicare-savings-intensifies-between-obama-and-paul-ryan.html,"Representative Paul D. Ryan, at a campaign stop Tuesday in Colorado, says Medicare is “a debate we want to have.”",,"['Romney campaign', 'Obama campaign']",
10FOX,Purpose Behind Congressional Reading of Constitution Questioned After Amendments Are Omitted,http://www.foxnews.com/politics/purpose-behind-congressional-reading-of-constitution-questioned-after-amendments-are-omitted,NONE,,"['U.S. Congress', 'Democratic Lawmakers', 'Republican Lawmakers']",
10NYT,House Reading of Constitution Is Not Without Issues,https://thecaucus.blogs.nytimes.com/2011/01/06/house-reading-of-the-constitution-is-not-without-issues/,NONE,,"['U.S. Congress', 'Democratic Lawmakers', 'Republican Lawmakers']",
11FOX,Trump announces deal to end partial government shutdown,https://www.foxnews.com/politics/trump-to-make-announcement-on-partial-government-shutdown-from-rose-garden,NONE,,['Donald Trump'],
11NYT,Trump Signs Bill Reopening Government for 3 Weeks in Surprise Retreat From Wall,https://www.nytimes.com/2019/01/25/us/politics/trump-shutdown-deal.html,President Trump said he would end the partial government shutdown for three weeks while negotiations over the border wall continue. He also indicated that he was open to declaring a national emergency or shutting down the government again if Republicans and Democrats cannot reach an agreement on wall money by the February deadline.,,['Donald Trump'],
12FOX,NRA urges states to allow more armed officers in schools,http://www.foxnews.com/politics/2013/04/02/nra-urges-states-to-allow-more-armed-officers-in-schools/,"          FILE: Dec. 21, 2012: National Rifle Association CEO Wayne LaPierre pauses as he makes a statement during a news conference in Washington.
          (AP)",,"['Asa Hutchinson', 'National Rifle Association']",
12NYT,N.R.A. Details Plan for Armed School Guards,http://www.nytimes.com/2013/04/03/us/nra-details-plan-for-armed-school-guards.html,The Times’s Sheryl Gay Stolberg discusses a new proposal commissioned by the National Rifle Association to place trained guards in American schools.,,"['Asa Hutchinson', 'National Rifle Association']",
13FOX,Trump holds off reversing ban on elephant trophy imports,http://www.foxnews.com/politics/2017/11/17/trump-holds-off-reversing-ban-on-elephant-trophy-imports.html,President tweets that the decision is on hold until conservation facts are reviewed.,,['Donald Trump'],
13NYT,"For Now, Trump to Keep Ban on Importing Elephant Trophies",https://www.nytimes.com/2017/11/17/us/politics/trump-elephant-trophy-ban.html,"An elephant in Zimbabwe in 2012. “Put big game trophy decision on hold until such time as I review all conservation facts,” President Trump tweeted on Friday night.",,['Donald Trump'],
14FOX,Holder says he understands mistrust of police as Ferguson protests dwindle,http://www.foxnews.com/politics/2014/08/21/holder-says-understands-mistrust-police-as-ferguson-protests-dwindle/,Adam Housley reports from Missouri,,"['Eric Holder', 'protestors', 'police']",
14NYT,"As Tension Eases on Ferguson's Streets, Focus Turns to Investigation",https://www.nytimes.com/2014/08/21/us/ferguson-missouri-protests.html,"Confrontations between protesters and law enforcement continued overnight on Tuesday in Ferguson, Mo.",,"['Eric Holder', 'protestors', 'police']",
15FOX,NJ Gov Chris Christie to Throw His Hat in the Ring for White House Run,http://www.foxnews.com/us/2015/06/30/nj-gov-chris-christie-to-throw-his-hat-in-ring-for-white-house-run.html,"          New Jersey Gov. Chris Christie signs the state's 2016 budget, Friday, June 26, 2015, in Trenton, N.J. Christie vetoed more than $1.6 billion from the 2016 budget approved by the Democratic-controlled Legislature and signed a roughly $34 billion budget into law. (AP Photo/Julio Cortez)
          ",,['Chris Christie'],
15NYT,"Chris Christie Announces Run, Pledging ‘Truth’ About Nation’s Woes",https://www.nytimes.com/2015/07/01/us/politics/chris-christie-presidential-campaign.html,"Gov. Chris Christie of New Jersey told supporters on Tuesday in Livingston, N.J., that he was joining the 2016 presidential race.",,['Chris Christie'],
16FOX,Arizona Sheriff Joe Arpaio Endorses Rick Perry,http://latino.foxnews.com/latino/politics/2011/11/29/arizona-sheriff-joe-arpaio-endorses-rick-perry/,HTTP Error,,"['Joe Arpaio', 'Rick Perry']",
16NYT,Perry Wins Endorsement of Sheriff Joe ,http://thecaucus.blogs.nytimes.com/2011/11/29/rick-perry-wins-the-endorsement-of-sheriff-joe-arpaio/,HTTP Error,,"['Joe Arpaio', 'Rick Perry']",
17FOX,RNC Chairman Steele to Announce Intentions on a Second Term,http://www.foxnews.com/politics/2010/12/12/rnc-chairman-michael-steele-expected-resign.html,"          RNC Chairman Michael Steele
          (AP)",,['Michael Steele'],
17NYT,Steele to Announce Decision on R.N.C. Run,http://thecaucus.blogs.nytimes.com/2010/12/12/steele-to-announce-decision-on-r-n-c-run/,HTTP Error,,['Michael Steele'],
18FOX,Netanyahu appears in conservative political ad airing in Florida,http://www.foxnews.com/politics/2012/09/20/netanyahu-star-new-election-ad-airing-in-florida,NONE,,"['Benjamin Netanyahu', 'Barack Obama', 'Secure America Now']",
18NYT,Netanyahu Appears in Conservative Group's Ad ,http://thecaucus.blogs.nytimes.com/2012/09/20/netanyahu-appears-in-conservative-groups-ad/,NONE,,"['Benjamin Netanyahu', 'Barack Obama', 'Secure America Now']",
19FOX,White House Asked Bill Clinton to Urge Sestak to Drop Out of Senate Race,http://www.foxnews.com/politics/2010/05/28/white-house-asked-clinton-urge-sestak-drop-senate-race.html,"          Former President Bill Clinton denies a White House account that he urged Rep. Joe Sestak to drop out of a Senate primary. (AP)
          ",,"['Joe Sestak', 'Obama administration', 'Bill Clinton']",
19NYT,White House Used Bill Clinton to Ask Sestak to Drop Out of Race,https://thecaucus.blogs.nytimes.com/2010/05/28/white-house-used-bill-clinton-to-ask-sestak-to-drop-out-of-race/,NONE,,"['Joe Sestak', 'Obama administration', 'Bill Clinton']",
01FOX,"Trump Bows Out as Moderator of GOP Debate, Reserves Right to Run for President",http://www.foxnews.com/politics/2011/12/13/trump-bows-out-as-moderator-gop-debate-reserves-right-to-run-for-president/,"          Dec. 5, 2011: Donald Trump speaks in New York.
          (AP)",,['Donald Trump'],
01NYT,Trump Won't Go Forward With Debate,http://thecaucus.blogs.nytimes.com/2011/12/13/trump-wont-go-forward-with-debate/,NONE,,['Donald Trump'],
20FOX,Dem running for Senate in Iowa mocks Grassley as farmer 'who never went to law school',http://www.foxnews.com/politics/2014/03/25/rep-braley-mocks-sen-grassley-as-just-iowa-farmer-who-never-went-to-law-school/,"          Rep. Bruce Braley, left, and Sen. Chuck Grassley.
          (AP/reuters)",,"['Bruce Braley', 'Chuck Grassley']",
20NYT,Representative Apologizes for Criticizing Iowa Senator,https://www.nytimes.com/2014/03/26/us/politics/representative-apologizes-for-criticizing-iowa-senator.html,America Rising posted video of Representative Bruce Braley talking about Senator Charles E. Grassley.,,"['Bruce Braley', 'Chuck Grassley']",
21FOX,Colorado's top cop defends pot law after challenges from neighboring states ,http://www.foxnews.com/politics/2014/12/19/colorado-top-cop-defends-pot-law-after-challenges-from-neighboring-states.html,"          ASPEN, CO - APRIL 18:  An array of marijuana samples are seen on a table at the Cannabis Crown 2010 expo in Aspen, Colorado. Colorado, one of 14 states to allow use of medical marijuana, has experienced an explosion in marijuana dispensaries, trade shows and related businesses in the last year as marijuana use becomes more mainstream.  (Photo by Chris Hondros/Getty Images)
          (2010 Getty Images)",,"['Colorado officials', 'Nebraska officials']",
21NYT,Nebraska and Oklahoma Sue Colorado Over Marijuana Law,https://www.nytimes.com/2014/12/19/us/politics/nebraska-and-oklahoma-sue-colorado-over-marijuana-law.html,Cultivating marijuana near Colorado Springs in February. A suit argues that an influx of marijuana has taxed law enforcement in other states.,,"['Colorado officials', 'Nebraska and Oklahoma officials']",
22FOX,"Clinton, advisers have lots to say on key trade legislation, except where candidate stands",http://www.foxnews.com/politics/2015/06/14/clinton-stays-mum-on-critical-trade-agreement-adviser-says-waiting-for-final.html,New questions over Clinton campaign strategy on 'The Kelly File',,"['Hillary Clinton', 'Barack Obama']",
22NYT,Hillary Clinton Urges Obama to Listen to Democrats on Trade Deal,https://www.nytimes.com/politics/first-draft/2015/06/14/hillary-clinton-urges-obama-to-listen-to-democrats-on-trade-deal/,Hillary Rodham Clinton on Sunday urged President Obama to make changes to the Trans-Pacific Partnership trade deal during a speech in Des Moines.,,"['Hillary Clinton', 'Bernie Sanders', 'Barack Obama']",
23FOX,Senate intel panel subpoenas two Flynn businesses in Russia probe,http://www.foxnews.com/politics/2017/05/23/senate-intel-panel-subpoenas-two-flynn-businesses-in-russia-probe.html,Former national security adviser says he will not provide records to the Senate Intelligence Committee; chief intelligence correspondent Catherine Herridge reports from Washington,,"['Michael Flynn', 'Donald Trump']",
23NYT,"House Intelligence Committee Will Subpoena Flynn, Schiff Says",https://mobile.nytimes.com/2017/05/24/us/politics/flynn-subpoena-house-intelligence-committee.html,"Michael T. Flynn, President Trump’s former national security adviser, at Trump Tower in Manhattan in December.",,"['Michael Flynn', 'Adam Schiff', 'Donald Trump']",
24FOX,FBI's show of force in Roger Stone arrest spurs criticism of Mueller tactics,https://www.foxnews.com/politics/roger-stones-predawn-fbi-arrest-operation-sparks-controversy,NONE,,"['Roger Stone', 'Robert Mueller', 'Donald Trump']",
24NYT,"Indicting Roger Stone, Mueller Shows Link Between Trump Campaign and WikiLeaks",https://www.nytimes.com/2019/01/25/us/politics/roger-stone-trump-mueller.html,"Roger J. Stone Jr., a longtime Trump adviser, has been charged as part of the investigation by the special counsel, Robert S. Mueller III. He was arrested in a pre-dawn F.B.I. raid in Fort Lauderdale, Fla., and appeared in court on Friday.",,"['Roger Stone', 'Robert Mueller', 'Donald Trump']",
25FOX,"Congress rejects Obama veto of 9/11 bill, in first override of presidency",http://www.foxnews.com/politics/2016/09/29/congress-rejects-obama-veto-911-bill-in-first-override-presidency.html,Insight from the Wall Street Journal's John Bussey and Fox News senior judicial analyst Judge Andrew Napolitano,,['Barack Obama'],
25NYT,Senate Set to Override Veto on Bill Allowing 9/11 Suits Against Saudi Arabia,https://mobile.nytimes.com/2016/09/29/us/politics/senate-9-11-saudi-arabia.html,"Representative Nancy Pelosi of California, who plans to support a veto override effort, tried on Tuesday to play down any split between Democrats and Mr. Obama.",,['Barack Obama'],
26FOX,"Trump warns shutdown could last 'years,' says he may declare 'national emergency' to build border wall",https://www.foxnews.com/politics/congressional-leaders-meet-at-white-house-as-shutdown-stances-harden,President Trump says discussions will continue about funding for border security after meeting with congressional leaders at the White House.,,['Donald Trump'],
26NYT,Trump says he could keep shutdown going for months or years,https://www.nytimes.com/2019/01/02/us/politics/trump-congress-shutdown.html,"Congressional leaders, including Representative Nancy Pelosi and Senator Chuck Schumer, met with President Trump to discuss border security. Ms. Pelosi said Democrats will put forth legislation to end the shutdown.",,"['Donald Trump', 'Democratic Lawmakers']",
27FOX,Trump gets into Twitter feud with former Mexican president,http://www.foxnews.com/politics/2016/08/31/trump-gets-into-twitter-feud-with-former-mexican-president.html,Strategy Room: Chuck Rocha and Marjorie Dannenfelser discuss Donald Trump's meeting with the President of Mexico today and how it might affect his speech tonight in Arizona ,,"['Donald Trump', 'Vicente Fox']",
27NYT,"Vicente Fox, Ex-President of Mexico, Scoffs at Donald Trump’s Visit",https://mobile.nytimes.com/2016/09/01/us/politics/vicente-fox-mexico.html,Former President Vicente Fox met with international reporters at a Mexico City hotel in September 2014.,,"['Donald Trump', 'Vicente Fox']",
28FOX,Joe Lieberman emerges as Trump's top choice for FBI director,http://www.foxnews.com/politics/2017/05/18/joe-lieberman-emerges-as-trumps-top-choice-for-fbi-director.print.html,NONE,,"['Donald Trump', 'Joe Lieberman']",
28NYT,"Lieberman Is a Finalist for F.B.I. Director, Trump Says",https://mobile.nytimes.com/2017/05/18/us/politics/trump-fbi-director-lieberman.html,"Joseph I. Lieberman, the former Democratic senator and vice-presidential nominee, left the White House on Wednesday.",,"['Donald Trump', 'Joe Lieberman']",
29FOX,Trump: Roy Moore will 'step aside' if sexual misconduct allegations are true,http://www.foxnews.com/politics/2017/11/09/trump-roy-moore-will-step-aside-if-sexual-misconduct-allegations-are-true.html,"Griff Jenkins reports from Washington, D.C.",,"['Donald Trump', 'Roy Moore']",
29NYT,Alabama Republicans Defend Roy Moore: ‘It Was 40 Years Ago’,https://mobile.nytimes.com/2017/11/10/us/politics/roy-moore-alabama-republicans.html,"Roy S. Moore, the Republican nominee for Senate in Alabama, was accused of making sexual advances toward teenage girls. A state official said that the women’s claims were “much ado about nothing” and that Mr. Moore had done nothing “immoral or illegal.”",,"['Alabama Republicans', 'Roy Moore']",
02FOX,"Trump declares emergency on border, eyes $8B for wall as he signs spending package",https://www.foxnews.com/politics/trump-eyes-8b-border-wall-funding-emergency-declaration,Trump says he will be signing a national emergency declaration to confront the crisis at the southern border.,,['Donald Trump'],
02NYT,"Trump Declares a National Emergency, and Provokes a Constitutional Clash",https://www.nytimes.com/2019/02/15/us/politics/national-emergency-trump.html,"After declaring a national emergency to build a border wall, President Trump said “I want to get it done faster, that’s all.” The move bypasses Congress.",,['Donald Trump'],
30FOX,"IRS official who refused to testify facing more scrutiny over scandal, past",http://www.foxnews.com/politics/2013/05/23/irs-official-who-refused-to-testify-facing-more-scrutiny-over-scandal-past/,Doug McKelway reports,,['Lois Lerner'],
30NYT,I.R.S. Official Invokes 5th Amendment at Hearing,http://www.nytimes.com/2013/05/23/us/politics/irs-official-denies-misleading-congress.html,Lois Lerner of the Internal Revenue Service leaving a House hearing on Wednesday on the agency’s focus on conservative groups.,,"['Lois lerner', 'Internal Revenue Service']",
31FOX,Glenn Beck Rips Progressivism at CPAC,http://www.foxnews.com/politics/2010/02/20/beck-encourages-conservatives,"          Feb. 20: Glenn Beck delivers keynote address at CPAC.
          (AP)",,['Glenn Beck'],
31NYT,Beck Wows the CPAC Crowd,https://thecaucus.blogs.nytimes.com/2010/02/20/beck-wows-the-cpac-crowd/,NONE,,['Glenn Beck'],
32FOX,"Cruz blames Trump for affair story, hints he wouldn't support him in general election",http://latino.foxnews.com/latino/politics/2016/03/25/cruz-blames-trump-for-affair-report-hints-wouldnt-support-him-in-general/,HTTP Error,,"['Donald Trump', 'Ted Cruz', 'National Enquirer']",
32NYT,Arguments Get Personal Between Donald Trump and Ted Cruz,https://www.nytimes.com/politics/first-draft/2016/03/25/arguments-get-personal-between-donald-trump-and-ted-cruz/,"Donald Trump and Melania Trump in the spin room after the Republican presidential debate at the University of Miami in Coral Gables, Fla., on March 10.",,"['Donald Trump', 'Ted Cruz']",
33FOX,Elizabeth Cheney blasted by older sister over gay-marriage stance,http://www.foxnews.com/politics/2013/09/01/elizabeth-cheney-blasted-by-older-sister-over-gay-marriage-stance/,"          FILE - In this July 17, 2013, file photo Liz Cheney campaigns in Casper, Wyoming, after announcing the day before her GOP primary challenge to Wyoming's senior U.S. incumbent Sen. Mike Enzi. Liz, former Vice President Dick Cheney's eldest daughter has galvanized the state's political scene by seeking the seat of Sen. Mike Enzi, a Republican favored by his party's establishment. Family does matter in the runup to next fall's Senate elections: Candidates are wielding famous political pedigrees in a number of races that could determine whether Democrats maintain control in the 2014 elections. (AP Photo/Matt Young, File)
          (A2013)",,"['Mary Cheney', 'Liz Cheney']",
33NYT,Mary Cheney Criticizes Her Sister on Same-Sex Marriage,https://thecaucus.blogs.nytimes.com/2013/08/31/mary-cheney-criticizes-her-sister-on-same-sex-marriage/,Mary Cheney in 2009.,,"['Mary Cheney', 'Liz Cheney']",
34FOX,Texas Rep. Blake Farenthold resigns from Congress,http://www.foxnews.com/politics/2018/04/06/texas-rep-blake-farenthold-resigns-from-congress.html,"          Rep. Blake Farenthold arrives before Deputy U.S. Attorney General Rod Rosenstein testifies to the House Judiciary Committee hearing on oversight of the Justice Department on Capitol Hill in Washington, U.S., December 13, 2017.   REUTERS/Joshua Roberts - RC1CC7E0DBA0
          ",,['Blake Farenthold'],
34NYT,Texas Congressman Who Settled Harassment Case With Taxpayer Funds Resigns,https://mobile.nytimes.com/2018/04/06/us/politics/farenthold-harassment-case-resigns.html,"Representative Blake Farenthold, Republican of Texas, in December at the Capitol.",,['Blake Farenthold'],
35FOX,Maine Gov. LePage opens door to early exit,http://www.foxnews.com/politics/2016/08/30/maine-gov-lepage-opens-door-to-early-exit.html,"Maine governor on reducing state income tax rate, spending",,['Paul LePage'],
35NYT,"Paul LePage, the Governor of Maine, Now Says He’s Not Quitting",https://mobile.nytimes.com/2016/09/01/us/paul-lepage-maine-governor.html,NONE,,['Paul LePage'],
36FOX,Benghazi committee seeks 'transcribed' interview with Clinton over deleted records,http://www.foxnews.com/politics/2015/03/31/benghazi-committee-requests-clinton-submit-to-interview-about-private-deleted.html,Gowdy: Clinton wiped server clean on 'Hannity',,"['Hillary Clinton', 'Trey Gowdy']",
36NYT,House Panel Seeks Private Talk With Hillary Clinton About Email,https://www.nytimes.com/2015/04/01/us/politics/hillary-clinton-email-benghazi-inquiry.html,Hillary Rodham Clinton has been asked by a congressman to privately discuss email from her time as the secretary of state.,,"['Hillary Clinton', 'Trey Gowdy']",
37FOX,GOP Senators Keep Pressure on Steele Over 'Inaccurate' Afghanistan Comments,http://www.foxnews.com/politics/2010/07/04/gop-senators-pressure-steele-inaccurate-afghanistan-comments.html,"          Republican National Committee Chairman Michael Steele answers questions before speaking to the San Francisco Chamber of Commerce in San Francisco June 24. (AP Photo)
          ",,['Michael Steele'],
37NYT,Michael Steele Criticized for Afghanistan Comments,http://www.nytimes.com/2010/07/03/us/politics/03steele.html,NONE,,"['Michael Steele', 'Barack Obama']",
38FOX,Pelosi wins another term as House Democratic leader; Ryan’s dynamic challenge falls short,http://www.foxnews.com/politics/2016/11/30/house-democrats-set-to-vote-for-leader.html,Minority leader fends off challenge from Rep. Tim Ryan,,"['Nancy Pelosi', 'Tim Ryan']",
38NYT,Nancy Pelosi Beats Back House Democratic Leadership Challenge,https://www.nytimes.com/2016/11/30/us/politics/nancy-pelosi-house-democrats-tim-ryan.html,"Nancy Pelosi, the House minority leader, was challenged for the position by Representative Tim Ryan of Ohio.",,"['Nancy Pelosi', 'House Democrats']",
39FOX,Republicans prepare to go nuclear with Gorsuch vote as Dems seek new delay,http://www.foxnews.com/politics/2017/03/22/republicans-prepare-to-go-nuclear-with-gorsuch-vote-as-dems-seek-new-delay.html,Sen. John Thune reacts to criticism from colleagues,,"['Neil Gorsuch', 'Democratic lawmakers', 'Republican lawmakers']",
39NYT,Democrats Plan to Filibuster to Thwart Gorsuch Nomination,https://www.nytimes.com/2017/03/23/us/politics/democrats-filibuster-neil-gorsuch-nomination.html,Judge Neil M. Gorsuch at his Supreme Court confirmation hearing on Capitol Hill on Wednesday.,,"['Neil Gorsuch', 'Democratic lawmakers', 'Republican lawmakers']",
03FOX,"Double-Dip Recession Possible Without Tax Deal, Obama's Top Economic Aide Warns",http://www.foxnews.com/politics/2010/12/08/double-dip-recession-possible-tax-deal-obamas-economic-aide-warns/,"          FILE: Oct. 16, 2009: Lawrence Summers, then-White House chief economic adviser, speaks at the Buttonwood Gathering in New York.
          (AP)",,"['Barack Obama', 'Senate Democrats']",
03NYT,"Biden Tries, Again, to Sell Tax Compromise to Hill Democrats",http://thecaucus.blogs.nytimes.com/2010/12/08/biden-tries-again-to-sell-tax-compromise-to-hill-democrats/,NONE,,"['Barack Obama', 'senate Democrats']",
40FOX,"Sparks fly as Biden, Ryan face off in feisty vice presidential debate",http://www.foxnews.com/politics/2012/10/11/biden-ryan-face-off-in-high-stakes-vice-presidential-debate-in-kentucky/,VP Joe Biden or Rep. Paul Ryan?,,"['Joe Biden', 'Paul Ryan']",
40NYT,Biden Takes Off Gloves in Vice-Presidential Debate,http://www.nytimes.com/2012/10/12/us/politics/biden-takes-off-gloves-in-vice-presidential-debate.html,"October 11, 2012 — Highlights from the vice-presidential debate.",,"['Joe Biden', 'Paul Ryan']",
41FOX,"Romney reaffirms belief in marriage as between man, woman",http://www.foxnews.com/politics/2012/05/09/romney-reaffirms-belief-in-marriage-as-between-man-woman/,NONE,,"['Mitt Romney', 'Barack Obama']",
41NYT,"Romney Reaffirms Opposition to Marriage, or Unions, for Gay Couples",https://www.nytimes.com/2012/05/10/us/politics/romney-reaffirms-opposition-to-marriage-or-similar-for-gay-couples.html,"Mitt Romney campaigning Wednesday in Fort Lupton, Colo. He has said he favors some rights for same-sex couples, but not rights tantamount to marriage.",,"['Mitt Romney', 'Barack Obama']",
42FOX,NAACP Resolution Calls on Tea Party to Repudiate 'Racist Elements' in Movement,http://www.foxnews.com/politics/2010/07/13/tea-party-preempts-racist-resolution-condemns-bigoted-naacp/,"          The audience applauds after first lady Michelle Obama speaks at the annual NAACP convention July 12 in Kansas City, Mo. (AP Photo)
          ",,"['NAACP', 'Tea Party']",
42NYT,N.A.A.C.P. Challenges Tea Party on Racism,http://thecaucus.blogs.nytimes.com/2010/07/13/n-a-a-c-p-challenges-tea-party-on-racism/,NONE,,"['NAACP', 'Tea Party']",
43FOX,Obama: ‘In God We Trust' Vote Not Creating Jobs,http://www.foxnews.com/politics/2011/11/02/obama-in-god-trust-vote-not-creating-jobs/,NONE,,"['Barack Obama', 'Senate Republicans']",
43NYT,Obama Taunts G.O.P.  for Ignoring Jobs Bill,http://thecaucus.blogs.nytimes.com/2011/11/02/obama-taunts-house-for-ignoring-jobs-bill/,NONE,,"['Barack Obama', 'Senate Republicans']",
44FOX,Boehner: '1-in-3 chance' Republicans could lose House in November,http://www.foxnews.com/politics/2012/04/23/boehner-1-in-3-chance-gop-could-lose-house/,Sneak peek at Bill Hemmer's interview,,"['John Boehner', 'Democrats', 'Republicans']",
44NYT,Boehner Sees One-in-Three Chance G.O.P. Will Lose House,http://thecaucus.blogs.nytimes.com/2012/04/23/boehner-offers-g-o-p-a-warning-on-control-of-the-house/,NONE,,"['John Boehner', 'Democrats', 'Republicans']",
45FOX,Suspect arrested in Florida in connection with suspicious packages sent to Democrats,https://www.foxnews.com/us/suspect-arrested-in-florida-in-connection-with-suspicious-packages-sent-to-democrats,"Attorney General Jeff Sessions and FBI Director Christopher Wray hold a news conference at the Justice Department on the arrest of Cesar Sayoc, who was identified using DNA and fingerprint evidence and stands charged with five crimes, including illegal mailing of explosives.",,"['Cesar Sayoc', 'Law enforcement/Federal authorities']",
45NYT,Pipe Bomb Suspect Arrested in Southern Florida,https://www.nytimes.com/2018/10/26/nyregion/cnn-cory-booker-pipe-bombs-sent.html,"A package addressed to James R. Clapper Jr., the former director of national intelligence, was meant to be delivered to the New York offices of CNN, but was intercepted at a mail facility in Midtown Manhattan on Friday, police officials said.",,"['Cesar Sayoc', 'Law enforcement/Federal authorities']",
46FOX,"Trump calls Flynn treatment 'unfair,' claims Clinton 'lied many times' with impunity",https://www.foxnews.com/politics/trump-calls-flynn-treatment-unfair-claims-clinton-lied-many-times-with-impunity,The president says Hillary Clinton lied 'many times' to the FBI and 'nothing happened to her.',,"['Michael Flynn', 'Donald Trump']",
46NYT,"F.B.I. 'Destroyed' Flynn’s Life for Lying, Trump Says, but 'Nothing Happened' to Clinton",https://www.nytimes.com/2017/12/04/us/politics/fbi-michael-flynn-trump.html,"President Trump spoke on Monday about Michael T. Flynn, his former national security adviser who admitted lying to the F.B.I.",,"['Michael Flynn', 'Donald Trump']",
47FOX,Trump says 'too many voices are being destroyed' by social media censorship,http://www.foxnews.com/politics/2018/08/18/trump-says-too-many-voices-are-being-destroyed-by-social-media-censorship.html,"A new Vice investigation has exposed apparent shadow bans on conservative accounts on Twitter, while Google-owned YouTube recently removed several videos purely for their political content. #Tucker",,"['Donald Trump', 'social media companies']",
47NYT,Trump Accuses Social Media Firms of Discrimination Against Conservatives,https://www.nytimes.com/2018/08/18/us/politics/trump-social-media-conservatives.html,President Trump hinted that he might take action against social media companies that remove content from conservatives.,,"['Donald Trump', 'social media companies']",
48FOX,N.C. Congressman Apologizes for Physical Confrontation With Man in Washington,https://www.foxnews.com/politics/n-c-congressman-apologizes-for-physical-confrontation-with-man-in-washington,An amateur video posted to YouTube shows Rep. Bob Etheridge grabbing the neck of an unidentified man who questioned him on a street in Washington (YouTube).,,['Bob Etheridge'],
48NYT,"Etheridge, Caught on Video, Apologizes ",https://archive.nytimes.com/query.nytimes.com/gst/fullpage-9E03E1D61E3DF936A25755C0A9669D8B63.html,NONE,,['Bob Etheridge'],
49FOX,Bachmann Newsweek Cover Goes for Insult But Gets Criticism in Return,http://www.foxnews.com/politics/2011/08/09/bachmann-newsweek-cover-goes-for-insult-but-gets-criticism-in-return/,NONE,,"['Newsweek', 'Michele Bachmann']",
49NYT,Bachmann Cover Controversy Prompts Response From Newsweek,http://thecaucus.blogs.nytimes.com/2011/08/09/newsweeks-bachmann-cover-causes-controversy/,NONE,,"['Newsweek', 'Michele Bachmann']",
04FOX,Aide to GOP lawmaker apologizes for Facebook post ripping Obama daughters,http://www.foxnews.com/politics/2014/11/30/aide-to-gop-lawmaker-apologizes-for-facebook-post-ripping-obama-daughters.html,"          November 26, 2014: President Barack Obama, joined by his daughters Malia, right, and Sasha, center, speaks during the presidential turkey pardon ceremony at the White House. (AP Photo/Jacquelyn Martin)
          ",,"['Elizabeth Lauten', 'Barack Obama', 'Sasha and Malia Obama']",
04NYT,"G.O.P. Aide Quits After Ridiculing Obama’s Daughters, Sasha and Malia",https://www.nytimes.com/2014/12/02/us/gop-aide-quits-after-ridiculing-obamas-daughters.html,A Republican spokeswoman found fault with the attire of Sasha and Malia Obama at the presidential turkey pardon.,,"['Elizabeth Lauten', 'Barack Obama', 'Sasha and Malia Obama', 'Stephen Fincher']",
50FOX,"Santorum: 'Phony theology' comment was about energy policy, not Christian faith",http://www.foxnews.com/politics/2012/02/19/santorum-talks-economy-with-phony-theology-comment-but-social-debate-ensues/,"          Feb. 18, 2012: Rick Santorum speaks at the Ohio Christian Alliance conference in Columbus.
          (AP)",,"['Rick Santorum', 'Barack Obama']",
50NYT,Santorum Defends Comments on Obama and Education,http://thecaucus.blogs.nytimes.com/2012/02/19/santorum-defends-comments-on-obama-and-education/,NONE,,"['Rick Santorum', 'Barack Obama']",
51FOX,"Kathy Griffin apologizes for photo shoot with bloodied Trump mask, says she 'went too far'",http://www.foxnews.com/entertainment/2017/05/30/kathy-griffin-apologizes-for-photo-shoot-with-bloodied-trump-mask-says-went-too-far.html,(Courtesy of Tyler Shields),,['Kathy Griffin'],
51NYT,Trump Lashes Out at Kathy Griffin and Democrats,https://mobile.nytimes.com/2017/05/31/us/politics/trump-kathy-griffin-comedian-democrats.html,President Trump at an event at the White House on May 12.,,"['Kathy Griffin', 'Donald Trump']",
52FOX,Trump says he appreciates Mueller’s statement disputing BuzzFeed report,https://www.foxnews.com/politics/trump-says-he-appreciates-muellers-statement-disputing-buzzfeed-report,NONE,,"['BuzzFeed', 'Robert Mueller', 'Donald Trump', 'Michael Cohen']",
52NYT,Mueller Statement Disputes Report That Trump Directed Cohen to Lie,https://www.nytimes.com/2019/01/18/us/politics/buzzfeed-cohen-russia-tower.html,"Michael D. Cohen, President Trump’s longtime lawyer and fixer, was sentenced last month to three years in prison.",,"['BuzzFeed', 'Robert Mueller', 'Donald Trump', 'Michael Cohen']",
53FOX,"Huckabee announces 2016 White House bid, with focus on economy and security | Fox News",http://www.foxnews.com/politics/2015/05/05/huckabee-announces-2016-white-house-bid.html,Former Arkansas governor joins race for the White House,,['Mike Huckabee'],
53NYT,Mike Huckabee on the Issues,https://www.nytimes.com/2015/05/06/us/politics/mike-huckabee-on-the-issues.html,Mike Huckabee at the National Rifle Association's annual meeting in Nashville last month.,,['Mike Huckabee'],
54FOX,Ryan facing Catholic prof complaints over budget comments ahead of Georgetown speech,http://www.foxnews.com/politics/2012/04/25/gop-ryan-set-for-georgetown-speech-says-budget-addresses-poor-needs,"          April 15, 2010: Rep. Paul Ryan, R-Wis., chairman of the House Budget Committee, speaks on Capitol Hill.
          (AP)",,"['Paul Ryan', 'Catholics']",
54NYT,Georgetown Faculty Latest to Chide Ryan ,http://thecaucus.blogs.nytimes.com/2012/04/24/georgetown-faculty-latest-to-chide-ryan/,NONE,,"['Paul Ryan', 'Catholics']",
55FOX,Former Mexican President Fox to Trump: We won't pay for 'that f***ing wall!',http://latino.foxnews.com/latino/politics/2016/02/25/former-mexican-president-fox-to-trump-wont-pay-for-that-fing-wall/,HTTP Error,,"['Vicente Fox', 'Felipe Calder', 'Donald Trump']",
55NYT,"Vicente Fox and Felipe Calderón, 2 Ex-Presidents of Mexico, Say No Way Country Is Paying for Donald Trump's Wall",https://www.nytimes.com/politics/first-draft/2016/02/25/2-ex-presidents-of-mexico-say-no-way-theyre-paying-for-donald-trumps-wall/,"Vicente Fox, the former president of Mexico, in 2014.",,"['Vicente Fox', 'Felipe Calder', 'Donald Trump']",
56FOX,Schumer bashed by the left over shutdown-ending deal,http://www.foxnews.com/politics/2018/01/23/schumer-bashed-by-left-over-shutdown-ending-deal.html,"Senate passes bill to end shutdown, House to vote soon; reaction and analysis on 'The Five.'",,"['Chuck Schumer', 'Democratic Lawmakers', 'Republican Lawmakers']",
56NYT,Senate Democrats’ Vote to End Shutdown Infuriates Some on the Left,https://www.nytimes.com/2018/01/22/us/politics/liberal-activists-democrats-betrayal-shutdown.html,"Recipients of the Deferred Action for Childhood Arrivals program and their supporters protested Monday in Anaheim, Calif.",,"['Democratic Lawmakers', 'Republican Lawmakers']",
57FOX,Ginsburg under fire from both sides over ‘highly inappropriate’ Trump comments,http://www.foxnews.com/politics/2016/07/13/ginsburg-under-fire-from-both-sides-over-highly-inappropriate-trump-comments.html,Bias Bash: Ellen Ratner on why the media should be holding Supreme Court Justice Ruth Bader Ginsburg to task for her recent comments on Donald Trump,,"['Ruth Bader Ginsburg', 'Donald Trump']",
57NYT,Donald Trump Rebukes Ruth Bader Ginsburg for Deriding His Candidacy,https://www.nytimes.com/2016/07/13/us/politics/ruth-bader-ginsburg-donald-trump.html,Supreme Court Justice Ruth Bader Ginsburg in Washington in 2015.,,"['Ruth Bader Ginsburg', 'Donald Trump']",
58FOX,Trump’s immigration offer brings sharp reactions from Dems and GOP,https://www.foxnews.com/politics/trumps-immigration-offer-brings-polarized-reactions-from-dems-and-gop.print,NONE,,"['Donald Trump', 'Democractic lawmakers', 'Republican lawmakers']",
58NYT,Trump Offers Temporary Protections for ‘Dreamers’ in Exchange for Wall Funding,https://www.nytimes.com/2019/01/19/us/politics/trump-proposal-daca-wall.html,"In a White House address, President Trump announced a plan that would provide temporary protection from deportation for some immigrants in exchange for $5.7 billion in funding for a wall on the U.S.-Mexico border.",,"['Donald Trump', 'Democractic lawmakers', 'Republican lawmakers']",
59FOX,"Obama, Boehner meet on fiscal crisis for first time in weeks",http://www.foxnews.com/politics/2012/12/10/obama-boehner-meet-on-fiscal-crisis-for-first-time-in-weeks/,"          Nov. 16, 2012: President Obama and House Speaker John Boehner meet at the White House.
          (AP)",,"['Barack Obama', 'John Boehner']",
59NYT,Obama and Boehner Talk Deficits at the White House,http://thecaucus.blogs.nytimes.com/2012/12/09/officials-foresee-progress-on-fiscal-talks/,NONE,,"['Barack Obama', 'John Boehner']",
05FOX,Donald Trump Jr. releases messages with WikiLeaks from before election,http://www.foxnews.com/politics/2017/11/13/donald-trump-jr-releases-messages-with-wikileaks-from-before-election.html,President Trump's eldest son corresponded with WikiLeaks before the 2016 presidential election; Rep. Ron DeSantis weighs in.,,"['Donald Trump Jr.', 'WikiLeaks']",
05NYT,Donald Trump Jr. Communicated With WikiLeaks During Campaign,https://mobile.nytimes.com/2017/11/13/us/politics/donald-trump-jr-wikileaks-emails-democrats.html,Donald Trump Jr. at the third presidential debate last year.,,"['Donald Trump Jr.', 'WikiLeaks']",
60FOX,"Trump vows birthright citizenship ‘will be ended one way or the other,’ as Hill debate rages",https://www.foxnews.com/politics/trump-promises-birthright-citizenship-will-be-ended-one-way-or-the-other,NONE,,"['Trump', 'birthright citizenship']",
60NYT,President Wants to Use Executive Order to End Birthright Citizenship,https://www.nytimes.com/2018/10/30/us/politics/trump-birthright-citizenship.html,"President Trump at a political rally last week in Charlotte, N.C.",,"['Trump', 'birthright citizenship']",
61FOX,Romney calls on Rep. Akin to drop Senate bid over 'rape' comments,http://www.foxnews.com/politics/2012/08/21/rep-akin-appeals-for-forgiveness-in-new-ad-as-pressure-over-rape-comment-builds/,"Steve Centanni reports from Washington, D.C.",,"['Mitt Romney', 'Todd Akin']",
61NYT,"With Abortion in the Spotlight, a Challenge for Romney",http://thecaucus.blogs.nytimes.com/2012/08/21/with-abortion-in-the-spotlight-a-challenge-for-romney/,NONE,,"['Mitt Romney', 'Todd Akin']",
62FOX,Obama administration defends 2nd mass surveillance project,http://www.foxnews.com/politics/2013/06/07/intelligence-officials-reportedly-mining-data-from-us-internet-companies/,Fox News confirms agency tapped into online records,,"['National Security Agency programs', 'internet companies']",
62NYT,White House Plays Down Data Program,http://www.nytimes.com/2013/06/09/us/politics/officials-say-congress-was-fully-briefed-on-surveillance.html,"From left, Assistant Attorney General Ronald Weich and Senators Ron Wyden, Mark Udall and Richard J. Durbin. Mr. Wyden and Mr. Udall have criticized techniques that Mr. Weich defends.",,['National Security Agency programs'],
63FOX,Ocasio-Cortez defends Tlaib after impeachment remarks: ‘I got your back’,https://www.foxnews.com/politics/ocasio-cortez-defends-tlaib-after-impeachment-remarks-i-got-your-back.print,"      Rep. Alexandria Ocasio-Cortez took a stand for fellow House freshman  Rashida Tlaib on Saturday after the latter’s expletive-laced comments in favor of impeaching the president.
      ",,"['Alexandria Ocasio-Cortez', 'Rashida Tlaib']",
63NYT,Rashida Tlaib's Expletive-Laden Cry to Impeach Trump Upends Democrats' Talking Points,https://www.nytimes.com/2019/01/04/us/politics/tlaib-impeach-trump.html,"Representative Rashida Tlaib, Democrat of Michigan, made no apologies for the remarks she made hours after being sworn in on Thursday.",,"['Rashida Tlaib', 'Donald Trump', 'Nancy Pelosi', 'Republican Lawmakers', 'Democratic Lawmakers']",
64FOX,"Trump takes on Obama, Clinton over ‘radical Islam’ as candidates condemn terror",http://www.foxnews.com/politics/2016/06/13/trump-takes-on-obama-clinton-over-radical-islam-as-candidates-condemn-terror.html,Which candidate has the clearest plan for our economy?,,"['Donald Trump', 'Barack Obama', 'Hillary Clinton']",
64NYT,"After Nightclub Massacre, Obama Expresses Outrage and a Familiar Lament",https://www.nytimes.com/2016/06/13/us/politics/president-obama-expresses-outrage-over-massacre-at-nightclub.html,The president described the mass shooting at a Florida nightclub on Sunday as an “act of terror.”,,"['Barack Obama', 'Hillary Clinton', 'Donald Trump']",
65FOX,Arkansas governor seeks changes in religious freedom bill,http://www.foxnews.com/politics/2015/04/01/arkansas-governor-sends-religious-freedom-bill-back-to-legislature-seeks.html,Brad Blakeman and Joe Lestingi on the growing debate over state legislation,,['Asa Hutchinson'],
65NYT,Arkansas Governor’s Son Thrust Into Spotlight Over Religious Exception Bill,https://mobile.nytimes.com/2015/04/02/us/arkansas-governors-son-thurst-into-spotlight-over-religious-freedom-bill.html,"Seth Hutchinson, a son of Gov. Asa Hutchinson of Arkansas, is a union organizer.",,"['Asa Hutchinson', 'Seth Hutchinson']",
66FOX,IRS extends tax benefits to married gay couples,http://www.foxnews.com/politics/2013/08/29/irs-issues-tax-rules-for-married-gay-couples/,Full benefits will now be available to all couples,,['joint tax rule for homosexual couples'],
66NYT,Gay Marriages Get Recognition From the I.R.S.,http://www.nytimes.com/2013/08/30/us/politics/irs-to-recognize-all-gay-marriages-regardless-of-state.html,"In June, supporters of same-sex marriage in West Hollywood, Calif., celebrated the Supreme Court’s ruling striking down the Defense of Marriage Act.",,['joint tax rule for homosexual couples'],
67FOX,AARP Pushes Back on Claim About Social Security Concessions as Lawmakers Push Reform,http://www.foxnews.com/politics/2011/06/17/stage-set-for-social-security-talks-lawmakers-push-reform-aarp-reportedly-open,"          Sen. Kay Bailey Hutchison visits Wharton, Texas, March 1, 2010.
          (AP)",,"['AARP', 'Barack Obama', 'social security']",
67NYT,AARP Open to Social Security Cuts,http://www.nytimes.com/2011/06/18/us/18aarp.html,NONE,,"['AARP', 'social security', 'fiscal conservatives']",
68FOX,"Federal prosecutors plan to file charges against Rep. Grimm, attorney says",http://www.foxnews.com/politics/2014/04/25/federal-prosecutors-plan-to-file-charges-against-rep-grimm-attorney-says.html,"          Jan 2, 2013: Representative Michael Grimm (R-NY) talks to the media. (Reuters)
          ",,"['Michael Grimm', 'Justice Department']",
68NYT,"Indictment Expected for Grimm, Staten Island Congressman",https://www.nytimes.com/2014/04/26/nyregion/indictment-expected-for-representative-michael-grimm.html,Representative Michael G. Grimm,,"['Michael Grimm', 'Justice Department']",
69FOX,"Republicans challenge Clinton claims on budget cuts, Benghazi cable",http://www.foxnews.com/politics/2013/01/24/republicans-challenge-clinton-claims-on-budget-cuts-benghazi-cable/,All-Star panel weighs in,,"['Hillary Clinton', 'Republican Lawmakers', 'Democratic Lawmakers']",
69NYT,"Facing Congress, Clinton Defends Her Actions Before and After Libya Attack",http://www.nytimes.com/2013/01/24/us/testifying-on-benghazi-clinton-cites-new-security-steps.html,Secretary of State Hillary Rodham Clinton faced tough questions over the attack on an American mission.,,"['Hillary Clinton', 'Republican Lawmakers']",
06FOX,Reid Breaks With Obama Over Proposed Ground Zero Mosque,http://www.foxnews.com/politics/2010/08/16/white-house-says-politics-factor-decision-enter-mosque-debate/,"President Obama has expressed his support for the construction of a Muslim community center and mosque near the World Trade Center site in downtown Manhattan, as many protest the plan, saying it is wrong to build a mosque so close to the site of the Sept. 11 attacks. ",,"['Harry Reid', 'Barack Obama']",
06NYT,G.O.P. Seizes on Mosque Issue Ahead of Elections,https://www.nytimes.com/2010/08/17/us/politics/17mosque.html,Senator Harry Reid of Nevada.,,"['Harry Reid', 'Barack Obama', 'Republicans', 'Democrats']",
70FOX,"President Trump takes office vowing to restore prosperity, ‘fight’ for country",https://www.foxnews.com/politics/president-trump-takes-office-vowing-to-restore-prosperity-fight-for-country,President Trump delivers his inaugural address,,['Donald Trump'],
70NYT,"Donald Trump Is Sworn In as President, Capping His Swift Ascent",https://www.nytimes.com/2017/01/20/us/politics/trump-inauguration-day.html,"“From this day forward, it's going to be only America first, America first,” President Trump declared in a forceful 16-minute Inaugural Address.",,['Donald Trump'],
71FOX,"Chick-fil-A Appreciation Day brings out supporters, protesters",http://www.foxnews.com/politics/2012/08/01/chick-fil-appreciation-day-brings-out-supporters-more-protestors,Former Arkansas Governor Mike Huckabee on turnout,,"['Chick-Fil-A', 'GOP leaders', 'protesters']",
71NYT,Chick-fil-A Draws Huge Crowds for Appreciation Day,http://thelede.blogs.nytimes.com/2012/08/01/chick-fil-a-draws-huge-crowds-for-appreciation-day/,NONE,,"['Chick-Fil-A', 'GOP leaders']",
72FOX,"Obama endorses Clinton for president, on heels of Sanders meeting",http://www.foxnews.com/politics/2016/06/09/obama-endorses-clinton-for-president-on-heels-sanders-meeting.html,Calls her the most qualified candidate to run for the presidency,,"['Barack Obama', 'Bernie Sanders', 'Hillary Clinton']",
72NYT,Bernie Sanders Meets President Obama and Pledges to Work to Defeat Donald Trump,https://mobile.nytimes.com/2016/06/10/us/politics/bernie-sanders-obama-washington.html,The Democratic presidential candidate Bernie Sanders announced that he will talk with Hillary Clinton soon about making sure Donald J. Trump does not become president.,,"['Barack Obama', 'Bernie Sanders']",
73FOX,"While Blumenthal Retains Washington Support, Republicans Smell Opening in CT",http://www.foxnews.com/politics/2010/05/18/while-blumenthal-retains-washington-support-republicans-smell-opening-in-ct.html,NONE,,['Richard Blumenthal'],
73NYT,Richard Blumenthal's Words on Vietnam Service Differ From History,http://www.nytimes.com/2010/05/18/nyregion/18blumenthal.html,Attorney General Richard Blumenthal of Connecticut is running for a seat in the Senate.,,['Richard Blumenthal'],
74FOX,"House approves sweeping Dem election reform bill, amid First Amendment concerns",https://www.foxnews.com/politics/house-approves-sweeping-dem-election-reform-bill-amid-first-amendment-concerns,NONE,,"['House Democrats', 'House Republicans']",
74NYT,House Passes Democrats’ Centerpiece Anti-Corruption and Voting Rights Bill,https://www.nytimes.com/2019/03/08/us/politics/house-democrats-anticorruption-voting-rights.html,Speaker Nancy Pelosi and House members spoke on the steps of the Capitol on Friday about the For the People Act.,,"['House Democrats', 'House Republicans', 'Donald Trump']",
75FOX,"As Mueller findings released, 2020 Dems demand to see 'whole damn report'",https://www.foxnews.com/politics/as-mueller-findings-released-2020-dems-demand-whole-report,Trump opponents are trying to keep the focus on the Russia investigation as the White House seeks to move on; Peter Doocy reports from Washington.,,"['William Barr', 'House Democrats', 'Donald Trump']",
75NYT,2020 Candidates Demand Full and Immediate Release of Mueller Report,https://www.nytimes.com/2019/03/22/us/politics/mueller-report-2020-candidates.html,Senator Cory Booker was among the Democratic presidential candidates urging the swift public release for the Mueller report. ,,"['William Barr', 'Democrats presidential candidates', 'Donald Trump']",
76FOX,"Senate Republicans Vow to Block Dem Legislation Until Tax Cuts, Budget Pass",https://www.foxnews.com/politics/senate-republicans-vow-to-block-dem-legislation-until-tax-cuts-budget-pass,"          In this Nov. 16 photo, Republican Senate Leader Mitch McConnell, left, accompanied by Sen. Lamar Alexander, R-Tenn., center, and Sen. John Cornyn, R-Texas, speaks at a news conference on Capitol Hill. (AP Photo)
          ",,"['Democrats', 'Republicans']",
76NYT,Senate Republicans: No Legislation Until After Tax Cut Extension,https://thecaucus.blogs.nytimes.com/2010/12/01/senate-republicans-no-legislation-until-after-tax-cut-extension/,NONE,,"['Democrats', 'Republicans']",
77FOX,"FBI fires Peter Strzok, months after anti-Trump texts revealed",http://www.foxnews.com/politics/2018/08/13/fbi-fires-peter-strzok-months-after-anti-trump-texts-revealed.html,"Strzok's attorney says the FBI's decision is a 'departure from typical bureau practice'; reaction from Rep. Darrell Issa, Republican member of the House Judiciary Committee.",,"['Donald Trump', 'Peter Strzok']",
77NYT,"F.B.I. Agent Peter Strzok, Who Criticized Trump in Texts, Is Fired",https://www.nytimes.com/2018/08/13/us/politics/peter-strzok-fired-fbi.html,"Peter Strzok, a top F.B.I. counterintelligence agent who was taken off the special counsel investigation after his disparaging texts about President Trump were uncovered, was fired.",,"['Donald Trump', 'Peter Strzok']",
78FOX,Benghazi emails underscore State Department’s concern over failure to act on warnings,http://www.foxnews.com/politics/2013/05/13/benghazi-emails-underscore-state-departments-concern-over-failure-to-act-on/,"Republicans, Democrats go head-to-head",,"['Hillary Clinton', 'State Department officials', 'Obama administration']",
78NYT,E-Mails Show Jostling Over Benghazi ‘Talking Points’,http://www.nytimes.com/2013/05/16/us/politics/e-mails-show-jostling-over-benghazi-talking-points.html,"The diplomatic post in Benghazi, Libya, after the attack last year that killed four Americans.",,"['Michael Morell', ""Obama's administration"", 'State Department', 'Republican lawmakers']",
79FOX,Shooting spurs calls for new lawmaker security measures,http://www.foxnews.com/politics/2017/06/15/shooting-spurs-calls-for-new-lawmaker-security-measures.html,Virginia congressman says town halls may need tighter security,,"['Steve Scalise', 'Democratic Lawmakers', 'Republican Lawmakers']",
79NYT,"Shooting Brings Rare Comity to the Capital, but Will It Last?",https://mobile.nytimes.com/2017/06/15/us/politics/shooting-brings-rare-comity-to-the-capitol-but-will-it-last.html,"The day after a shooting at a baseball practice left four injured, including Steve Scalise, the majority whip of the House of Representatives, the bipartisan congressional baseball game played on.",,"['Democratic Lawmakers', 'Republican Lawmakers']",
07FOX,Adam Schiff urged to step down as chairman by House Intelligence Committee Republicans,https://www.foxnews.com/politics/adam-schiff-urged-to-step-down-by-gop-members-on-house-intelligence-committee,The nine Republicans on the House Intelligence Committee present a letter calling for the resignation of Democrat Chair Adam Schiff over his repeated claims of Trump-Russia collusion after the release of the Mueller report.,,"['Adam Schiff', 'GOP committee members', 'Donald Trump']",
07NYT,Demands for Adam Schiff's Head Highlight Chasm That Only Widened With Mueller's Conclusion,https://www.nytimes.com/2019/03/28/us/politics/adam-schiff-resign.html,"Republicans in the House Intelligence Committee called for the chairman, Representative Adam Schiff, to step down.",,"['Adam Schiff', 'GOP committee members', 'Donald Trump']",
80FOX,Supreme Court Questions Claims in Sex Bias Suit Against Wal-Mart,http://www.foxnews.com/politics/2011/03/29/supreme-court-questions-claims-sex-bias-suit-wal-mart/,"          People line up outside the Supreme Court in Washington March 29 to attend a hearing on women employees against Wal-Mart.
          (AP)",,"['Walmart', 'plaintiffs', 'supreme court']",
80NYT,Justices Take Up Crucial Issue in Wal-Mart Suit,https://www.nytimes.com/2011/03/30/business/30walmart.html,Demonstrators gathered in front of the Supreme Court in Washington to show their support for female workers suing Wal-Mart Stores for alleged workplace discrimination in March.,,"['Walmart', 'plaintiffs', 'supreme court']",
81FOX,Who is Dave Brat?,http://www.foxnews.com/politics/2014/06/10/who-is-dave-brat-political-novice-who-beat-house-majority-leader-eric-cantor/,Brat reacts to 'political earthquake',,"['Eric Cantor', 'David Brat']",
81NYT,"Eric Cantor Defeated by David Brat, Tea Party Challenger, in G.O.P. Primary Upset",https://www.nytimes.com/2014/06/11/us/politics/eric-cantor-loses-gop-primary.html,"Eric Cantor, a Republican, gave a concession speech in Richmond, Va.",,"['Eric Cantor', 'David Brat']",
82FOX,"Bloomberg says Trump a 'dangerous demagogue,' endorses Clinton at DNC",http://www.foxnews.com/politics/2016/07/27/bloomberg-says-trump-dangerous-demagogue-endorses-clinton-at-dnc.html,Former New York City mayor addresses the Democratic National Convention,,"['Michael Bloomberg', 'Donald Trump']",
82NYT,"For Trump and Bloomberg, Cordial Ties Have Soured",https://www.nytimes.com/2016/07/29/nyregion/for-trump-and-bloomberg-cordial-ties-have-soured.html,"Former Mayor Michael R. Bloomberg of New York and Donald J. Trump at the Trump National Golf Club, in the city’s northern suburbs, in 2007.",,"['Michael Bloomberg', 'Donald Trump']",
83FOX,GOP Smackdown: Rep. Labrador Enters The Race For House Majority Leadership,http://latino.foxnews.com/latino/politics/2014/06/13/rep-labrador-is-running-against-rep-mccarthy-for-house-majority-leadership/,HTTP Error,,"['Raul Labrador', 'Kevil McCarthy']",
83NYT,"Idaho Republican, Appealing to Right, Enters Race to Replace Cantor",http://mobile.nytimes.com/2014/06/14/us/idaho-republican-appealing-to-right-enters-race-to-replace-cantor.html,"Representative Raúl R. Labrador, a Republican of Idaho, has jumped into the race for House majority leader.",,"['Raul Labrador', 'Kevil McCarthy']",
84FOX,"Trump Sends Investigators to Hawaii, Gains in GOP Presidential Primary Poll",http://www.foxnews.com/politics/2011/04/07/trump-sends-investigators-hawaii-gains-gop-presidential-primary-poll/,"          If Donald Trump became president, Melania Trump would become the first foreign-born first lady since Louisa Adams, wife of John Quincy Adams, the sixth U.S. president who served from 1825-1829.
          (AP)",,"['Donald Trump', 'Barack Obama']",
84NYT,Trump Plans Meeting on Arizona Birth Bill ,http://thecaucus.blogs.nytimes.com/2011/04/07/trump-plans-meeting-on-arizona-birth-bill/,NONE,,"['Donald Trump', 'Barack Obama']",
85FOX,Jackson pleads guilty over illegal campaign spending spree,http://www.foxnews.com/politics/2013/02/20/jackson-pleads-guilty-to-misuse-campaign-funds/,"          Feb. 20, 2013: Former Illinois Rep. Jesse Jackson Jr. arrives at the E. Barrett Prettyman Federal Courthouse in Washington.
          (AP)",,['Jesse Jackson'],
85NYT,Jesse Jackson Jr. Pleads Guilty in Campaign Money Case,http://www.nytimes.com/2013/02/21/us/politics/jesse-l-jackson-jr-pleads-guilty-to-wire-and-mail-fraud.html,Jesse L. Jackson Jr. entering court in Washington on Wednesday morning.,,['Jesse Jackson'],
86FOX,Defense Secretary James Mattis to leave as of January 1; Trump taps Patrick Shanahan as acting secretary of defense,https://www.foxnews.com/politics/defense-secretary-james-mattis-to-leave-as-of-january-1-trump-taps-patrick-shanahan-as-acting-secretary-of-defense,Former Trump campaign manager Corey Lewandowski and former deputy assistant secretary of state in the Obama administration Joel Rubin debate.,,"['James Mattis', 'Donald Trump']",
86NYT,"Jim Mattis, Defense Secretary, Resigns in Rebuke of Trump’s Worldview",https://www.nytimes.com/2018/12/20/us/politics/jim-mattis-defense-secretary-trump.html,"Jim Mattis, the secretary of defense, found himself at odds with President Trump on several issues, including NATO policy and a military parade.",,"['James Mattis', 'Donald Trump']",
87FOX,Perry TV Ad: I Can Defend Faith from Obama’s “War on Religion,http://www.foxnews.com/politics/2011/12/07/perry-tv-ad-can-defend-faith-from-obamas-war-on-religion/,NONE,,"['Rick Perry', 'Barack Obama']",
87NYT,Perry Ad Focuses on Gays and Christianity,http://thecaucus.blogs.nytimes.com/2011/12/07/perry-ad-focuses-on-gays-and-christianity/,NONE,,"['Rick Perry', 'Barack Obama']",
88FOX,Prominent Republicans call for Ariz. Gov. Jan Brewer to veto bill allowing denial of service to gays,http://www.foxnews.com/us/2014/02/26/arizona-gov-jan-brewer-jets-home-amid-furor-over-bill-allowing-denial-service/print,HTTP Error,,"['Jan Brewer', 'SB 1062 bill']",
88NYT,Governor of Arizona Is Pressed to Veto Bill,https://www.nytimes.com/2014/02/25/us/governor-of-arizona-is-pressed-to-veto-bill.html,NONE,,"['Jan Brewer', 'SB 1062 bill']",
89FOX,"Washington gov, Seattle mayor ban official travel to Indiana in wake of 'religious freedom' law",http://www.foxnews.com/politics/2015/03/31/seattle-mayor-bans-official-travel-to-indiana-amid-opposition-to-state-new.html,Gov. Mike Pence defends the law saying it's designed to protect people from being forced to do something that goes against their beliefs,,"['Mike Pence', 'Ed Murray', 'Jay Inslee', 'Religious Freedom Restoration Act']",
89NYT,Indiana Governor Says Legislators May Clarify Religious Beliefs Law,https://www.nytimes.com/2015/03/30/us/politics/legislators-in-indiana-may-clarify-beliefs-law.html,NONE,,"['Mike Pence', 'Religious Freedom Restoration Act']",
08FOX,"In first foreign policy speech, candidate Rubio pushes stronger U.S. leadership",http://www.foxnews.com/politics/2015/05/13/in-first-foreign-policy-speech-candidate-marco-rubio-pushes-stronger-us.html,"          WAUKEE, IA - APRIL 25:  Senator Marco Rubio (R-FL) speaks to guests gathered at the Point of Grace Church for the Iowa Faith and Freedom Coalition 2015 Spring Kickoff on April 25, 2015 in Waukee, Iowa. The Iowa Faith &amp; Freedom Coalition, a conservative Christian organization, hosted 9 potential contenders for the 2016 Republican presidential nominations at the event.  (Photo by Scott Olson/Getty Images)
          (2015 Getty Images)",,"['Marco Rubio', 'Barack Obama']",
08NYT,Marco Rubio to Outline His Approach to Foreign Policy,https://www.nytimes.com/politics/first-draft/2015/05/13/marco-rubio-to-outline-his-approach-to-foreign-policy/,"Senator Marco Rubio at the Freedom Summit in Greenville, S.C., this month.",,['Marco Rubio'],
90FOX,Susan Rice calls Netanyahu's Capitol Hill speech 'destructive' to US-Israel relations,http://www.foxnews.com/politics/2015/02/25/white-house-adviser-rice-says-netanyahu-capitol-hill-address-destructive-to-us.html,Obama administration downplays global terrorism,,"['Benjamin Netanyahu', 'Susan Rice', 'Joe Biden']",
90NYT,Obama Aide Calls Netanyahu’s Planned Visit ‘Destructive’ to U.S.-Israel Ties,https://www.nytimes.com/2015/02/26/us/politics/susan-rice-calls-netanyahus-planned-visit-destructive-to-us-israel-ties.html,"Susan E. Rice, President Obama’s national security adviser, said that Prime Minister Benjamin Netanyahu’s planned speech to Congress posed a problem for the Israeli-American relationship.",,"['Barack Obama', 'Benjamin Netanyahu', 'Susan Rice']",
91FOX,"Obama urges new restrictions on assault weapons, magazines as part of gun control plan",http://www.foxnews.com/politics/2013/01/16/obama-urges-new-restrictions-on-assault-weapons-magazines-as-part-gun-control/,Announces plans to use 23 executive actions,,"['Barack Obama', 'lawmakers']",
91NYT,Obama Poised to Back Comprehensive Plan to Curb Gun Violence,http://www.nytimes.com/2013/01/15/us/politics/biden-meets-with-house-democrats-on-gun-violence-proposals.html,"Vice President Joseph R. Biden Jr., who is leading a task force to address gun violence, at a White House meeting last week with members of victims’ groups and gun safety organizations.",,"['Barack Obama', 'White House officials and lawmakers']",
92FOX,Massachusetts Gov. Deval Patrick  picks former staffer to fill Kerry's Senate seat,http://www.foxnews.com/politics/2013/01/30/mass-gov-picks-former-staffer-to-fill-kerry-senate-seat-until-june-election/,NONE,,['William Cowan'],
92NYT,William Cowan Named Interim Senator in Massachusetts,http://www.nytimes.com/2013/01/31/us/politics/boston-lawyer-chosen-for-kerrys-senate-seat.html,"From left, Gov. Deval Patrick, William Cowan, Massachusetts' interim senator, and Lt. Gov. Timothy Murray at a news conference on Wednesday.",,['William Cowan'],
93FOX,"Clinton camp releases candidate's clean bill of health, tax returns",http://www.foxnews.com/politics/2015/07/31/clintoncamp-to-release-doctor-note-saying-in-excellent-condition.html,Ongoing email controversy a distraction for Democratic presidential hopeful's campaign,,['Hillary Clinton'],
93NYT,Clintons Report Earnings of $139 Million in Seven Years,https://www.nytimes.com/politics/first-draft/2015/07/31/hillary-clinton-releases-8-years-of-tax-returns,"Hillary Rodham Clinton at a campaign stop in Hopkinton, N.H., on Tuesday.",,"['Hillary Clinton', 'Jeb Bush']",
94FOX,"Rep. Weiner Denies Sending Lewd Photo, Can't Say Whether Image Is Him",http://www.foxnews.com/politics/2011/06/01/rep-weiner-knocks-questions-lewd-photo-says-wont-distracted,NONE,,['Anthony Weiner'],
94NYT,Weiner Denies Sending Photo but Is Less Sure About Its Origin,http://www.nytimes.com/2011/06/02/nyregion/weiner-denies-sending-photo-over-twitter-but-is-less-sure-of-its-origin.html,Representative Anthony D. Weiner sat for interviews on Wednesday.,,['Anthony Weiner'],
95FOX,Hillary Clinton's use of private email address while secretary of state draws scrutiny,http://www.foxnews.com/politics/2015/03/03/hillary-clinton-exclusively-used-private-email-account-while-secretary-state-ny.html,Hillary Clinton's use of her private email exclusively while secretary of state just the latest question to dog her potential 2016 White House run,,['Hillary Clinton'],
95NYT,Hillary Clinton Asks State Department to Vet Emails for Release,https://www.nytimes.com/2015/03/06/us/politics/hillary-clinton-asks-state-dept-to-review-emails-for-public-release.html,"Hillary Rodham Clinton, then secretary of state, after addressing the United Nations Security Council in 2012.",,['Hillary Clinton'],
96FOX,"'Jail!' Trump slams 'crooked' Hillary aide Huma, calls on 'Deep State' DOJ to act",http://www.foxnews.com/politics/2018/01/02/jail-trump-slams-crooked-hillary-aide-huma-calls-on-deep-state-doj-to-act.html,Daily Caller investigative reporter Luke Rosiak explains.,,"['Donald Trump', 'Hillary Clinton']",
96NYT,Trump Accuses Former Clinton Aide of Failing to Follow Security Protocols,https://www.nytimes.com/2018/01/02/us/politics/trump-clinton-aide-huma-abedin.html,"Hillary Clinton and her longtime aide Huma Abedin on the campaign plane in October 2016 in White Plains, N.Y., during her bid for the presidency.",,"['Donald Trump', 'Hillary Clinton']",
97FOX,"Federal prosecutors subpoena Christie's campaign, NJ GOP committee",http://www.foxnews.com/politics/2014/01/23/federal-prosecutors-subpoena-new-jersey-gov-christie-campaign-gop/,"          Aug 15, 2013: New Jersey Gov. Chris Christie speaks to fellow Republicans during the Republican National Committee summer meeting in Boston.
          ",,['Chris Christie'],
97NYT,U.S. Attorney Subpoenas Christie’s Campaign and New Jersey G.O.P.,https://mobile.nytimes.com/2014/01/24/nyregion/us-attorney-issues-subpoena-to-christies-re-election-campaign.html,NONE,,['Chris Christie'],
98FOX,Third-Highest Ranking Republican In U.S. House Calls For Legalizing Undocumented Immigrants,http://latino.foxnews.com/latino/politics/2014/01/23/third-highest-ranking-republican-in-us-house-calls-for-legalizing-undocumented/,HTTP Error,,"['Senate Republicans', 'Kevin McCarthy', 'Barack Obama']",
98NYT,House Republicans to Offer Broad Immigration Plan,https://www.nytimes.com/2014/01/26/us/politics/house-republicans-to-offer-broad-immigration-plan.html,NONE,,"['Senate Republicans', 'Senate Democrats', 'Barack Obama']",
99FOX,"Rep. Duncan Hunter, wife indicted on corruption charges in California",http://www.foxnews.com/politics/2018/08/21/rep-duncan-hunter-wife-indicted-on-corruption-charges-in-california.html,Five-term Republican congressman from California Duncan Hunter and his wife Margaret are accused of using campaign funds for personal expenses; William La Jeunesse reports from Los Angeles.,,['Duncan and Margaret Hunter'],
99NYT,"Representative Duncan Hunter Is Indicted, Accused of Misusing Campaign Funds",https://www.nytimes.com/2018/08/21/us/politics/duncan-hunter-indicted.html,"Representative Duncan Hunter, Republican of California, and his wife are accused of spending tens of thousands of dollars of campaign funds on personal expenses like family trips and private school tuition.",,['Duncan and Margaret Hunter'],
09FOX,"Democrats urge Trump to cancel Putin summit, after indictment of Russian intel officers",http://www.foxnews.com/politics/2018/07/13/democrats-urge-trump-to-cancel-putin-summit-after-indictment-russian-intel-officers.html,Herald Group Vice President of Public Affairs Sabrina Schaeffer and Daily Caller News Foundation Editor-in-Chief Chris Bedford on the indictments of 12 Russian intelligence officers as part of the Mueller investigation.,,['Donald Trump'],
09NYT,Democrats Say Trump Should Cancel Putin Meeting After Indictments,https://www.nytimes.com/2018/07/13/us/politics/democrats-russia-hacking-indictments.html,"Senator Chuck Schumer of New York, the Democratic leader, said President Trump should cancel his meeting with President Vladimir V. Putin of Russia.",,['Donald Trump'],
